시군구,종량제,인구수,1인가구비율,15_64세인구율,외국인수,외국인비율,아파트,연립주택,다세대주택,소득수준,경제활동참가율,재정자주도,제조업종사자수,음식점업종사자수,20ℓ가격,인센티브제도입,일제대청소참여율,청결유지책임제이행실적,공무원단속건수,주민신고건수
강원도 강릉시,40274.5,211381,0.38381987,0.667202823,4447,0.0210378416,0.485792982,0.0272877139,0.0106283854,34808,0.607,0.581,6276,9183,520,0,0,14,219,142
강원도 고성군,12227.6,27274,0.386302705,0.611828115,1888,0.0692234362,0.196604111,0.00259972378,0.00747420587,31773,0.713,0.6048,967,1555,500,0,0.0817628511,1,0,7
강원도 동해시,28319.7,89426,0.340636531,0.664381723,1491,0.0166730034,0.613699262,0.0303403034,0.0217302173,35084,0.608,0.6106,3333,2388,560,0,0.00559121508,1,35,31
강원도 삼척시,25672.2,63455,0.399582154,0.63544244,1366,0.0215270664,0.413768702,0.0315069416,0.0199487802,33515,0.617,0.6814,1612,2027,290,0,0,0,30,7
강원도 속초시,33989,82806,0.374113381,0.680131875,1956,0.0236214767,0.642552397,0.0309850141,0.0113327289,34432,0.618,0.6072,1826,4792,400,0,0.0102649566,2,210,40
강원도 양구군,5872.7,21383,0.339718885,0.651031193,744,0.0347939952,0.269326683,0.0293584221,0.0165495353,34588,0.718,0.659,449,516,400,0,0.0431651312,5,30,1
강원도 양양군,11236.5,27866,0.395352452,0.604141247,624,0.0223928802,0.26766146,0.0310095593,0.0150773296,33142,0.682,0.6847,975,1790,340,1,0,0,40,30
강원도 영월군,7509.9,37728,0.403702649,0.607400339,652,0.0172815946,0.226602108,0.0322984905,0.0375961265,33172,0.721,0.6541,2060,863,350,0,0.046384648,2,100,9
강원도 원주시,54040.7,360807,0.367607155,0.709454085,7164,0.0198554906,0.636764484,0.00635018341,0.00559645244,36054,0.624,0.5685,18313,9902,680,1,0.00466731521,11,1081,166
강원도 인제군,18575.1,32206,0.362277001,0.663665156,947,0.0294044588,0.250277593,0.0310163595,0.0205048486,34485,0.732,0.7218,661,752,300,0,0,6,4,0
강원도 정선군,11723.2,34931,0.399024812,0.614468524,754,0.0215854112,0.276817677,0.0205530181,0.0206147389,33550,0.717,0.6806,814,1400,280,0,0.067275486,1,5,9
강원도 철원군,7176.1,42256,0.308402423,0.639151836,1393,0.0329657327,0.257952608,0.0448050803,0.0447462809,34293,0.661,0.6426,1342,841,400,0,0.0591631958,0,20,0
강원도 춘천시,62615.3,286664,0.369484827,0.689256412,6889,0.0240316189,0.56574562,0.0127523489,0.0102050533,35466,0.607,0.5978,7204,9832,470,1,0.00565819217,4,27113,309
강원도 태백시,19196.5,39428,0.380467023,0.626052551,634,0.0160799432,0.507792698,0.104567761,0.00684894569,34429,0.66,0.6646,1050,1199,370,0,0,0,4,4
강원도 평창군,4746,40990,0.394888794,0.615735545,1081,0.0263722859,0.163334046,0.0515397776,0.0392964072,33645,0.698,0.7065,906,3104,490,0,0,7,30,63
강원도 홍천군,16239.9,67977,0.365519078,0.619930271,1886,0.0277446783,0.228774056,0.0450156489,0.0202104282,33673,0.717,0.6756,2318,2918,450,0,0.00186827898,0,147,23
강원도 화천군,10959.3,23388,0.377335865,0.645330939,526,0.0224901659,0.250924353,0.034675727,0.0186869192,33350,0.739,0.6952,322,316,230,0,0,3,6,1
강원도 횡성군,8578.4,46532,0.3439028,0.599329494,1770,0.0380383392,0.203980837,0.0140761594,0.019410283,33166,0.692,0.6563,5483,1635,400,0,0,9,0,5
경기도 가평군,20060,62150,0.375915135,0.631552695,2108,0.0339179405,0.183064396,0.0577842522,0.103765128,33756,0.625,0.6495,1584,4233,500,0,0.0251327434,7,87,319
경기도 고양시,113440.3,1076535,0.282999123,0.733501465,21712,0.0201684107,0.628783111,0.0267368461,0.0823964948,120419,0.626,0.5531,27031,25833,710,0,0.000195070295,0,809,2344
경기도 과천시,12090.4,78137,0.187231339,0.71341362,587,0.00751244609,0.626509177,0.010279221,0.0873546892,49748,0.605,0.5799,325,1934,440,0,0,0,76,185
경기도 광명시,46399.8,287945,0.254067425,0.723165882,7026,0.0244004931,0.664547695,0.00833037769,0.137242063,38492,0.61,0.5703,14285,6623,500,0,0.00694577089,0,163,230
경기도 광주시,62861.1,391462,0.262294008,0.721017621,18771,0.0479510144,0.339357206,0.025390689,0.368030665,36392,0.675,0.5547,43456,8138,560,0,0.00178816846,3,329,494
경기도 구리시,39766.1,188701,0.278665853,0.733297651,2697,0.0142924521,0.630953834,0.0269405464,0.0677920141,37659,0.631,0.5306,2942,4545,510,0,0,15,928,146
경기도 군포시,46287.5,266213,0.28447389,0.73725175,11115,0.0417522811,0.683513123,0.010825146,0.104334777,37770,0.625,0.5757,27995,5999,900,0,0.00169037575,0,1893,522
경기도 김포시,81420.1,484267,0.269366815,0.699717305,30716,0.0634278198,0.722824355,0.0275145133,0.0385203186,38904,0.637,0.5319,74269,10382,720,0,0.00194314294,62,1108,871
경기도 남양주시,103143.2,737353,0.240682614,0.707392524,13836,0.0187644181,0.7047388,0.0395063704,0.0862433304,37199,0.614,0.5657,31614,14581,740,0,0.00474128403,22,1097,1695
경기도 동두천시,20681.5,91546,0.352881826,0.673890722,5118,0.0559063203,0.52044394,0.0520872746,0.150107201,32077,0.584,0.5695,4645,2329,550,0,0.0067725515,0,346,27
경기도 부천시,118899,790128,0.291366489,0.738395551,46267,0.0585563352,0.474750519,0.0188755058,0.253910554,105315,0.625,0.5359,59294,17514,600,0,0,14,10891,519
경기도 성남시,168552.2,922518,0.333657647,0.729738607,27968,0.0303170236,0.497047948,0.0274842562,0.0867485957,123703,0.637,0.6548,36803,28970,500,0,0,18,54151,891
경기도 수원시,150951.5,1190964,0.343899311,0.755789428,61702,0.051808451,0.570227476,0.0168132978,0.107954257,156822,0.646,0.5654,35169,31910,600,1,0.00281536638,18,15257,1764
경기도 시흥시,77222.2,512912,0.313546108,0.753569813,61819,0.120525548,0.677218784,0.00743524837,0.106697017,35623,0.67,0.5252,85244,11520,530,0,0,39,1095,949
경기도 안산시,108792.3,641660,0.337981974,0.770565408,92525,0.144196303,0.417711246,0.0291129486,0.240501994,68035,0.652,0.5552,117358,14709,500,0,0.00478914067,0,4542,2172
경기도 안성시,28976.9,188842,0.360788652,0.696153398,21700,0.114910878,0.519406323,0.0255266389,0.0395784458,34534,0.655,0.5861,40698,4668,440,1,0,18,180,107
경기도 안양시,81512.9,548228,0.265080602,0.734796472,12220,0.0222899961,0.629319976,0.013956305,0.138211077,78450,0.613,0.5635,32279,14418,550,1,0.00413149274,2,1534,236
경기도 양주시,43626.8,243432,0.281095165,0.695915081,11634,0.0477915804,0.698872373,0.0161028532,0.0695690244,33987,0.608,0.5811,29832,5279,600,0,0,0,546,154
경기도 양평군,12101.7,122323,0.328762515,0.624862046,2949,0.0241083034,0.145237247,0.0285527722,0.0842732202,36388,0.574,0.5743,1443,3229,560,0,0,8,103,409
경기도 여주시,18015.6,113150,0.323768746,0.660132567,5615,0.0496243924,0.2963318,0.0249659168,0.0852931152,34522,0.629,0.6099,7721,3001,460,1,0.0185594344,6,2839,93
경기도 연천군,8773.1,42062,0.369566397,0.618943464,1591,0.0378251153,0.271178162,0.0532913659,0.059206599,33767,0.635,0.627,2528,945,560,0,0.00128381912,0,433,17
경기도 오산시,27661.7,229849,0.357184098,0.74536326,18727,0.0814752294,0.65944614,0.0143620092,0.0688716595,37230,0.668,0.5633,13325,5173,480,0,0,0,1889,209
경기도 용인시,130656.1,1074971,0.254605034,0.714796027,30246,0.028136573,0.675641665,0.0264714677,0.0783603289,126848,0.614,0.5858,59590,23960,660,0,0,78,5658,5351
경기도 의왕시,21167.1,160221,0.23451269,0.727251734,2104,0.0131318616,0.746410773,0.0105614047,0.0952836727,40536,0.6,0.5961,9349,3669,680,0,0.00413179296,4,1179,301
경기도 의정부시,68882.2,463724,0.313056114,0.721625363,8777,0.0189272067,0.64746175,0.0140364548,0.106436973,34700,0.608,0.4796,5410,10064,670,0,0.00183298686,1,2241,317
경기도 이천시,35541.4,222721,0.314979191,0.719779455,11882,0.0533492576,0.42784476,0.0329675287,0.110124855,37790,0.667,0.5779,44854,6835,640,1,0,5,3005,468
경기도 파주시,81646.9,495315,0.280607408,0.711161584,18900,0.0381575361,0.623867563,0.0186351761,0.0861126327,37411,0.619,0.5362,77035,11298,800,0,0.00197450108,51,119,644
경기도 평택시,97255.9,578529,0.359962052,0.73799412,39894,0.0689576495,0.596103832,0.0189574235,0.088808741,37539,0.666,0.5773,91709,14563,500,0,0.00651479874,335,12082,530
경기도 포천시,35183.6,146701,0.394945107,0.689040974,18848,0.128479015,0.294457172,0.0349439172,0.143390557,32476,0.635,0.599,41649,4564,560,0,0.0250441374,3,2063,31
경기도 하남시,35952.7,326059,0.305020359,0.712371074,4789,0.0146875259,0.661258366,0.00966473736,0.0159596874,41947,0.63,0.5436,10641,7532,500,0,0,43,395,144
경기도 화성시,115303.8,910814,0.31327866,0.731217351,62376,0.0684837958,0.695424382,0.0121472365,0.0397512775,42496,0.689,0.623,245997,21964,600,0,0,0,415,767
경상남도 거제시,15604.9,236662,0.314155817,0.712746449,9561,0.0403993882,0.614465799,0.0261624303,0.016294689,38816,0.632,0.6247,34691,5569,650,0,0.0163862386,1,1186,0
경상남도 거창군,48310.9,60387,0.370097029,0.605444881,1427,0.0236309139,0.274379051,0.0187315026,0.0160716293,33864,0.686,0.6148,2315,1085,400,1,0,0,20,6
경상남도 고성군,18844.1,50448,0.384945084,0.585038059,2039,0.040417856,0.202696669,0.0167872131,0.0337530137,33318,0.671,0.6195,4498,830,400,0,0.0117745005,0,21,1
경상남도 김해시,7861,535129,0.295747915,0.733030727,29308,0.0547681026,0.663023,0.00755470164,0.0485599433,36283,0.63,0.5558,84511,12531,800,0,0.00564349904,10,328,318
경상남도 남해군,74952.9,41579,0.406483539,0.532287934,1473,0.0354265374,0.0900828116,0.0117652999,0.021157342,31812,0.693,0.609,830,1722,400,0,0.0336708435,1,15,7
경상남도 밀양시,7518.8,102945,0.391667195,0.603351304,4851,0.0471222497,0.342629566,0.0168599861,0.0210010353,33083,0.613,0.6541,8684,1800,700,0,0.029238914,0,770,32
경상남도 사천시,19181,109369,0.36251298,0.646426318,4900,0.0448024577,0.463032191,0.0278296989,0.0129179647,35156,0.654,0.5851,17160,3540,500,0,0.00622662729,0,259,0
경상남도 산청군,22343.6,34028,0.412087569,0.544287058,1179,0.034647937,0.0720389197,0.0124119005,0.00742219173,32673,0.734,0.6243,1225,593,450,0,0.0658281415,0,39,2
경상남도 양산시,8798,353792,0.312346104,0.703523539,10678,0.0301815756,0.744542266,0.00637595433,0.0165142032,35726,0.595,0.5232,48496,8344,950,0,0.00285478473,6,280,203
경상남도 의령군,44820,26061,0.444761678,0.542419708,1146,0.0439737539,0.102863034,0.0163375367,0.0215718931,32591,0.697,0.6658,1810,327,400,0,0.0268600591,1,52,1
경상남도 진주시,4057.5,343782,0.357961319,0.689503813,8325,0.0242159275,0.521016029,0.00702742085,0.011975096,36492,0.628,0.5785,13544,8618,590,0,0.0469221774,0,705,0
경상남도 창녕군,63000.7,58372,0.395929015,0.579096142,4179,0.0715925444,0.190175258,0.024947643,0.0411140096,32884,0.657,0.6294,8539,1093,320,0,0.0256972521,4,5,20
경상남도 창원시,10727.8,1021487,0.322125757,0.713237662,24086,0.0235793505,0.587669556,0.0207876025,0.0187261965,183867,0.625,0.5798,117375,23306,700,0,0.00632215584,0,354,291
경상남도 통영시,179271.6,122681,0.354395757,0.659816924,6079,0.0495512753,0.495906411,0.0194791994,0.0168733482,33836,0.582,0.5432,3623,3198,500,0,0.0244536644,0,183,11
경상남도 하동군,27029.6,42465,0.397314539,0.557023431,1078,0.0253856117,0.107881469,0.0164111534,0.0126041774,32419,0.73,0.6354,962,600,400,0,0.0223713647,0,24,2
경상남도 함안군,3909.6,61456,0.359022275,0.618198386,4734,0.0770307212,0.371505457,0.0169307819,0.0139034235,34008,0.63,0.6237,22020,1187,400,0,0.0019363447,3,64,41
경상남도 함양군,11446.8,37708,0.406661371,0.559854673,965,0.0255913864,0.168917385,0.00788697231,0.0221856559,32815,0.699,0.6515,1556,569,400,0,0.0190675719,0,99,0
경상남도 합천군,7751.7,42142,0.436534324,0.521878411,1239,0.029400598,0.0826814004,0.0308527283,0.0207314688,32441,0.704,0.6357,990,510,350,0,0.0622894025,1,14,6
경상북도 경산시,49423.4,267725,0.388719758,0.702930246,17042,0.0636548697,0.550682968,0.00699880803,0.0209078316,32768,0.605,0.5762,32397,5879,430,0,0.00194229153,8,115,87
경상북도 경주시,71177.3,249607,0.375756298,0.655085795,18261,0.073159006,0.40133653,0.0241664252,0.0466907277,34597,0.619,0.5803,36689,7762,350,0,0.00379797041,0,168,191
경상북도 고령군,8380.9,30353,0.381544311,0.587322505,2427,0.0799591474,0.241444867,0.0130886224,0.0334893244,32335,0.664,0.5864,8835,467,360,1,0.0171317497,0,69,0
경상북도 구미시,89865.9,408110,0.353644247,0.746411507,8495,0.0208154664,0.591842101,0.0180168851,0.0406122997,37729,0.637,0.5867,82844,8527,600,0,0,0,886,276
경상북도 군위군,7006,23340,0.41868574,0.524378749,772,0.0330762639,0.0514975414,0.0117121144,0.0244076889,35221,0.723,0.65,1723,323,240,0,0.00642673522,5,18,14
경상북도 김천시,20843.9,139324,0.360411244,0.640262984,4546,0.0326289799,0.447211172,0.017337066,0.0125075717,33378,0.658,0.5918,12834,2705,350,0,0.00165082829,0,101,60
경상북도 문경시,22922.4,70373,0.37140322,0.588847996,1579,0.0224375826,0.218658892,0.0350488021,0.0383128407,32869,0.651,0.6694,3174,1175,270,1,0.00710499766,0,117,23
경상북도 봉화군,9572.9,30139,0.392052236,0.540362985,823,0.0273068118,0.102436284,0.0384048304,0.0185354209,33081,0.764,0.6524,1596,377,250,0,0,1,52,0
경상북도 상주시,20929.9,94823,0.382470666,0.57880472,2657,0.0280206279,0.249148007,0.00674732966,0.0244962375,32430,0.683,0.6387,4140,1238,290,0,0.00527298229,0,6,0
경상북도 성주군,7498.2,42566,0.374228559,0.584198656,2553,0.0599774468,0.0633113428,0.0134603107,0.0158544371,34154,0.677,0.6426,8646,752,300,0,0.0224827327,0,47,10
경상북도 안동시,32817.8,154610,0.39640955,0.631938426,3133,0.0202638898,0.432105461,0.0149208071,0.0134885209,31230,0.618,0.6331,4139,3229,300,1,0.00355733782,0,320,0
경상북도 영덕군,15189.4,34650,0.433983452,0.52952381,1672,0.0482539683,0.0814420804,0.043321513,0.0363475177,32071,0.636,0.6271,866,806,250,0,0,0,9,0
경상북도 영양군,4032,16022,0.41066598,0.53657471,558,0.0348271127,0.0472755378,0.0135256988,0.0494654129,34151,0.777,0.7162,286,120,200,0,0.0312070903,0,3,15
경상북도 영주시,29269.8,100749,0.362733569,0.610060646,2166,0.0214989727,0.352606821,0.0295526809,0.0277886668,32993,0.627,0.6355,5383,2105,390,1,0.0552065033,0,797,0
경상북도 영천시,21420.7,101088,0.386729469,0.611694761,4754,0.0470283318,0.3715187,0.0168960525,0.0207635633,35307,0.677,0.6525,15270,1480,360,0,0.011811491,0,81,0
경상북도 예천군,7789.1,55755,0.365616274,0.563052641,1339,0.0240157833,0.343238931,0.0119664938,0.0183087355,34228,0.661,0.6232,817,641,600,1,0.0431172092,0,160,0
경상북도 울릉군,3453.3,8996,0.45433145,0.660293464,223,0.024788795,0.0421374765,0.0463747646,0.0242467043,34638,0.813,0.6296,240,535,300,0,0.0833703868,6,23,0
경상북도 울진군,16180.7,47030,0.407361683,0.608547735,2352,0.0500106315,0.208230453,0.061911294,0.0426611797,31462,0.635,0.5917,806,1261,400,0,0.00255156283,0,14,0
경상북도 의성군,8636.7,50186,0.416520139,0.502769697,1198,0.0238711991,0.0772439174,0.0119402985,0.0249028828,32426,0.734,0.5985,1395,396,340,0,0.00597776272,0,68,68
경상북도 청도군,7646.8,41614,0.397897354,0.539265632,1681,0.0403950594,0.100160547,0.0146045885,0.0285359159,32474,0.739,0.5615,1571,899,290,0,0.0264334118,0,0,0
경상북도 청송군,9457.1,24295,0.419111484,0.539082116,677,0.027865816,0.0890192791,0.0124895222,0.0390611903,34866,0.818,0.697,296,384,140,0,0.0061741099,0,57,0
경상북도 칠곡군,29367.3,112487,0.354885706,0.702356717,5830,0.0518282113,0.463413633,0.0099725038,0.0471334181,74242,0.634,0.5871,24489,2211,350,0,0.00605403291,0,96,96
경상북도 포항시,101419.8,496650,0.332208996,0.684103493,10830,0.0218061009,0.561424678,0.0339257844,0.0451582846,36399,0.607,0.5334,40537,12190,900,0,0.00201349039,0,1986,275
광주광역시 광산구,55475.2,400654,0.323710264,0.74634223,23229,0.0579777064,0.728376926,0.0240617204,0.00431581311,38077,0.644,0.3025,49207,9953,740,0,0.00363405831,42,983,474
광주광역시 남구,24229.8,212379,0.329022752,0.67963405,2722,0.0128167098,0.673341471,0.0139983945,0.0110403677,36689,0.606,0.309,1039,3860,740,0,0.00386102204,11,194,250
광주광역시 동구,17390.3,105909,0.42361206,0.672737917,2527,0.0238601063,0.516030832,0.0168016392,0.0320616646,35448,0.577,0.3482,1072,4398,740,1,0.00932876337,22,145,102
광주광역시 북구,49306.2,424707,0.365416359,0.714711554,8280,0.0194957936,0.678387746,0.0130886857,0.0111620057,37956,0.562,0.2718,17912,9156,740,0,0.01059554,0,130,350
광주광역시 서구,36607.5,287401,0.372574618,0.726417097,3355,0.011673585,0.665230851,0.00900576932,0.0108350662,32238,0.597,0.3097,9909,9393,740,0,0.00134655064,14,638,374
대구광역시 남구,28733.4,141519,0.465939631,0.678997166,2556,0.0180611791,0.246060709,0.00763812272,0.0742029477,31782,0.533,0.3616,1056,2722,560,0,0.0106699454,8,3488,1319
대구광역시 달서구,91674.9,536989,0.327747395,0.723336977,15653,0.0291495729,0.662412107,0.00496852972,0.025948717,35269,0.571,0.3087,48707,11566,560,0,0.00636325884,1,3417,537
대구광역시 달성군,44931.5,263162,0.282061534,0.699933881,10079,0.0382996025,0.756720737,0.00575927195,0.0170588683,35755,0.645,0.5469,45883,4913,560,0,0.0010449837,7,541,168
대구광역시 동구,57030.7,339530,0.345339815,0.678246399,3708,0.010920979,0.579676096,0.0137239502,0.0822759956,34580,0.566,0.2999,6397,7239,560,0,0.00647954525,8,1127,267
대구광역시 북구,74011.6,430912,0.343704597,0.723658195,8460,0.0196327789,0.631100875,0.0085075928,0.0317864331,34498,0.581,0.3138,25310,9038,560,0,0.00409132259,9,2908,391
대구광역시 서구,34262.5,159827,0.379242035,0.677069581,4018,0.0251396823,0.248073665,0.00974096945,0.138013006,30984,0.537,0.3497,15501,2662,560,0,0.0162988732,0,1130,85
대구광역시 수성구,67371.8,411553,0.278454027,0.7017225,2983,0.00724815516,0.647389991,0.00735127453,0.0392741842,42660,0.54,0.3654,1926,11397,560,0,0.00722628677,2,792,482
대구광역시 중구,22396.8,80199,0.43801121,0.694609658,978,0.0121946658,0.505376921,0.0082061734,0.0257180402,36943,0.6,0.4498,2031,6831,560,0,0.00129677427,5,3179,1193
대전광역시 대덕구,30179.7,172746,0.357365376,0.720937098,4433,0.0256619545,0.533993036,0.0176182623,0.102411058,34172,0.611,0.3505,25936,3641,660,0,0.00347330763,0,78,94
대전광역시 동구,36315.3,219751,0.423431146,0.689621435,7862,0.0357768565,0.484061449,0.0207720221,0.0640589731,31707,0.546,0.3136,4701,4527,660,0,0.00202956983,7,417,84
대전광역시 서구,77064.6,470374,0.383540536,0.733788432,6923,0.0147180754,0.579444513,0.0112871986,0.031070805,37460,0.622,0.3109,2403,12835,660,0,0.00543397382,2,2837,382
대전광역시 유성구,57837.3,356093,0.390177161,0.746529699,10506,0.0295035286,0.641009903,0.00877176158,0.0143659973,42146,0.65,0.363,22997,13235,660,0,0.0019657786,0,459,3115
대전광역시 중구,36635.9,227108,0.361635538,0.684925234,3120,0.0137379573,0.51883897,0.0226451287,0.07977789,34838,0.592,0.3433,2003,5177,660,1,0.00604998503,2,894,196
부산광역시 강서구,23876.1,143207,0.296867547,0.67548374,6687,0.0466946448,0.641101747,0.00544159997,0.0108478649,40296,0.678,0.4991,68775,4715,510,0,0.0178063921,71,554,111
부산광역시 금정구,27413.4,221256,0.389172575,0.679656145,5885,0.0265981488,0.454985565,0.0267690555,0.146503133,34668,0.536,0.3333,7476,5251,850,0,0.00262139784,15,465,95
부산광역시 기장군,26490.4,178614,0.298993637,0.67147592,3386,0.0189570806,0.704145993,0.0165391192,0.0443332492,36349,0.598,0.5434,16995,6703,590,0,0.00520675871,14,364,134
부산광역시 남구,29382.2,256333,0.346943728,0.676065899,8069,0.0314785845,0.548241554,0.0233410927,0.153905611,36021,0.545,0.3299,4292,5909,680,0,0.00486086458,6,333,1306
부산광역시 동구,14765.5,86462,0.425464936,0.648886216,2591,0.0299669219,0.313952925,0.0213095699,0.0986536226,32284,0.546,0.4111,1548,3315,850,0,0.00818856839,10,519,730
부산광역시 동래구,33489.2,273226,0.303014632,0.680550167,1965,0.00719184851,0.601490821,0.0213280073,0.101522028,37942,0.564,0.3476,1953,7150,850,1,0.0118949148,6,356,1115
부산광역시 부산진구,50618.3,355917,0.406432624,0.699087147,4143,0.0116403544,0.567303063,0.00873242698,0.101602062,34300,0.576,0.325,4202,13318,850,0,0.0015453041,35,3954,446
부산광역시 북구,22925.4,278857,0.305509139,0.699910707,3803,0.0136378144,0.73178966,0.0179716273,0.0748363116,34782,0.567,0.3111,1717,4777,680,0,0.00508145752,8,232,109
부산광역시 사상구,19615.4,203789,0.375676824,0.70564162,7081,0.0347467233,0.601531774,0.00761529159,0.0791924958,32280,0.583,0.3274,32179,4531,850,1,0.0123166609,1,195,141
부산광역시 사하구,41155.4,301987,0.342932575,0.687066,6738,0.0223122187,0.615320237,0.0340703319,0.0791956419,33537,0.569,0.3037,26140,5220,850,0,0.00894078222,10,82,131
부산광역시 서구,12733.5,105192,0.412219692,0.647121454,2838,0.026979238,0.396709136,0.0204140252,0.118339796,33378,0.54,0.4036,2262,2688,850,0,0.00502889954,17,712,41
부산광역시 수영구,22792.4,174806,0.402007238,0.681034976,2330,0.0133290619,0.463828676,0.0237411235,0.207837431,36057,0.559,0.3894,1203,6101,850,0,0.0172991774,1,255,375
부산광역시 연제구,28870.5,203536,0.330852936,0.680798483,1566,0.0076939706,0.577875317,0.0138650756,0.114292573,36820,0.571,0.3636,1896,5126,770,0,0.00304123104,21,2472,116
부산광역시 영도구,11576.3,108156,0.38674665,0.624080033,2813,0.0260087281,0.523352861,0.0203033464,0.0595457828,31815,0.527,0.3758,9353,2276,850,0,0.00509449314,2,175,281
부산광역시 중구,17329.7,39689,0.534689161,0.665423669,2560,0.0645014992,0.224728449,0.0289808181,0.205130575,30858,0.573,0.5164,770,4495,850,0,0,2,268,30
부산광역시 해운대구,44727.6,386785,0.308405512,0.691709865,6171,0.0159546001,0.68128919,0.0126527893,0.0729901555,41269,0.552,0.3467,5934,14593,850,0,0.00239150949,4,180,1469
서울특별시 강남구,103389.1,529102,0.346255747,0.728139376,10387,0.0196313754,0.587823943,0.0236706996,0.130447673,58851,0.583,0.5566,17236,44488,490,0,0.000661498161,0,25475,885
서울특별시 강동구,46609,460067,0.318481998,0.715834868,7967,0.017317043,0.491431922,0.0161607547,0.197649442,39747,0.633,0.4662,3087,9753,490,1,0.00613388919,0,10635,133
서울특별시 강북구,39488,293660,0.389518187,0.699335967,6832,0.0232650003,0.265518949,0.0356274995,0.297977528,33193,0.569,0.4425,4093,6173,490,1,0,0,4098,168
서울특별시 강서구,67334.2,569166,0.395595977,0.733603202,10504,0.0184550729,0.445564548,0.01753359,0.252196118,38424,0.626,0.4078,6781,15240,490,0,0.000614934834,7,111,455
서울특별시 관악구,57475.7,486752,0.559196386,0.770291647,24690,0.0507239826,0.216383735,0.0235547438,0.164360281,34486,0.616,0.4293,3255,10671,490,1,0.00869642035,1,5130,319
서울특별시 광진구,28355.9,337416,0.443497824,0.75788048,21279,0.063064585,0.212618958,0.0252583678,0.243514441,37134,0.614,0.4731,4511,10298,490,1,0.00243616189,3,4329,207
서울특별시 구로구,53145.3,395315,0.348506157,0.713942046,45507,0.115115794,0.481586971,0.0403774789,0.164405418,35107,0.645,0.4443,14921,9150,490,0,0.00798350682,0,4738,293
서울특별시 금천구,34783,229642,0.456486191,0.741811167,26608,0.115867307,0.294157504,0.0337251217,0.219579181,33384,0.655,0.4846,35013,6795,490,1,0.0111739142,0,5334,197
서울특별시 노원구,49099.5,503734,0.307307464,0.716683805,7212,0.01431708,0.782058534,0.0166034387,0.0714996245,37368,0.586,0.4211,2632,9752,490,1,0.0026144751,0,2825,74
서울특별시 도봉구,34119,311694,0.308152743,0.699840228,4396,0.0141035759,0.492576081,0.0314867222,0.220600892,35064,0.588,0.4724,2246,4542,490,1,0.00112289617,7,701,47
서울특별시 동대문구,39354.4,336644,0.43722741,0.721572343,23258,0.0690878198,0.424675458,0.0202293602,0.104424291,34627,0.531,0.4561,9214,7689,490,0,0.00297049702,0,8337,225
서울특별시 동작구,42592.6,380596,0.415655255,0.732241011,16652,0.0437524304,0.37999143,0.028859962,0.192193218,38740,0.598,0.4967,1149,7354,490,1,0.00604315337,0,10257,253
서울특별시 마포구,52156.2,364638,0.422878813,0.751707173,14593,0.0400205135,0.436634602,0.0170830239,0.206856156,41286,0.627,0.4827,4059,19336,490,0,0.00493640268,4,3908,363
서울특별시 서대문구,42263.4,306337,0.3990503,0.723689923,18128,0.0591766584,0.410429056,0.0365105151,0.195982153,37249,0.582,0.4787,1531,8665,490,0,0.00232750206,0,4251,143
서울특별시 서초구,66302.7,404325,0.302613436,0.717652878,8470,0.0209484944,0.573848813,0.03089253,0.164639317,60102,0.607,0.5542,5796,22404,490,0,0.00160761763,0,15216,0
서울특별시 성동구,31496.8,281000,0.378830174,0.735113879,11809,0.042024911,0.540362814,0.0161548916,0.0776574186,42067,0.62,0.5279,22890,9389,490,0,0.00138078292,0,1216,364
서울특별시 성북구,44266.8,430397,0.36539256,0.720692756,16620,0.0386155108,0.444165416,0.0315591503,0.158529559,38741,0.571,0.4445,5511,8053,490,0,0.0116171813,2,3395,182
서울특별시 송파구,63567.7,658801,0.313052291,0.728402052,11784,0.0178870402,0.499506544,0.0171798609,0.257162704,46375,0.607,0.4578,7966,21059,490,1,0.000979051337,17,5732,719
서울특별시 양천구,48836.7,440881,0.268695673,0.720303211,6764,0.0153420084,0.532897534,0.021831302,0.235071807,42646,0.603,0.4567,3301,8399,490,1,0.00408273434,5,858,331
서울특별시 영등포구,56445.1,375675,0.429751778,0.737571039,44514,0.118490717,0.4470727,0.00808232232,0.0897073862,39630,0.647,0.468,9610,19486,490,0,0.000385971917,0,2724,533
서울특별시 용산구,39719,218650,0.42075282,0.738600503,17045,0.0779556369,0.368479839,0.0336403237,0.178761817,62402,0.62,0.5547,1578,12826,490,1,0.0143013949,11,755,406
서울특별시 은평구,52747.9,466746,0.335203816,0.71632751,7425,0.0159080099,0.336156896,0.0277259615,0.346233041,36430,0.589,0.4287,2030,7754,490,1,0.00905203258,1,4531,128
서울특별시 종로구,38934.5,141379,0.441215734,0.725383544,12964,0.0916967867,0.232544783,0.0801434293,0.177920586,41792,0.545,0.5544,7834,17559,490,0,0.000919514214,16,17029,93
서울특별시 중구,53330.2,120437,0.448755777,0.721339788,12570,0.10436992,0.442552435,0.030838962,0.120849627,38385,0.599,0.5814,17356,23482,490,0,0.00788794141,0,6587,320
서울특별시 중랑구,40024.8,385318,0.377228164,0.722364385,8519,0.0221090113,0.338258748,0.025236889,0.203800779,34349,0.603,0.4276,10722,6165,490,1,0.00262640209,0,4660,205
세종특별자치시,59317.9,383591,0.32827768,0.703520156,8874,0.0231340151,0.77460573,0.00633038781,0.0073951915,43023,0.651,0.5998,20031,9206,540,0,0.0122969517,2,702,126
울산광역시 남구,58110,310638,0.332374199,0.743138315,7166,0.0230686523,0.604640098,0.0127481856,0.0459780532,40824,0.614,0.4027,28176,10461,600,0,0.0369336656,0,150,636
울산광역시 동구,31015.5,151711,0.301497127,0.710073759,6337,0.0417702078,0.604548029,0.0194869305,0.051047989,37923,0.598,0.3942,39837,3830,600,0,0.0403266737,0,342,54
울산광역시 북구,34328.6,218670,0.24066851,0.73831344,4442,0.0203137147,0.776406516,0.00781297171,0.0190071367,41893,0.627,0.3916,53394,4949,600,0,0.0299812503,14,2,88
울산광역시 울주군,41603.7,221512,0.304890519,0.712882372,10840,0.0489364007,0.558686229,0.0168945204,0.0350339002,37657,0.598,0.54,44548,4790,600,0,0.0186716747,8,90,65
울산광역시 중구,29701.8,208132,0.311384608,0.707526954,3607,0.017330348,0.505073488,0.0192482274,0.0694889739,39146,0.575,0.3713,1564,3237,600,0,0.00550612112,22,0,7
인천광역시 강화군,5012.5,69803,0.311938207,0.570147415,1589,0.0227640646,0.0724563382,0.0334597902,0.12242387,33018,0.659,0.5976,3109,1661,620,0,0,9,627,41
인천광역시 계양구,29337.8,288856,0.292895414,0.754912482,6447,0.0223190794,0.589756218,0.0128556751,0.254218003,34173,0.657,0.3758,11252,5526,750,0,0.00833979561,0,6373,421
인천광역시 남동구,62686.6,506181,0.31881376,0.727056132,20285,0.0400745978,0.590766311,0.014856465,0.188801898,35277,0.627,0.3445,73299,12289,750,0,0,10,270,776
인천광역시 동구,6843.9,58999,0.321512625,0.659282361,1669,0.0282886151,0.604012924,0.0161155212,0.100362998,33068,0.583,0.4909,9275,1058,620,0,0,0,960,31
인천광역시 미추홀구,54886.2,406004,0.360555301,0.714160452,17495,0.0430907085,0.407609727,0.0260353313,0.248976107,33129,0.641,0.3284,13376,7728,620,0,0,6,464,162
인천광역시 부평구,60496.4,489118,0.308858338,0.733988526,27176,0.0555612347,0.552955738,0.0193054953,0.188395006,34856,0.64,0.337,27421,9967,750,0,0.0231805004,0,1175,374
인천광역시 서구,78006.7,589013,0.269826223,0.739608464,21324,0.0362029361,0.601065785,0.0404963034,0.168408276,37521,0.671,0.3696,65939,10975,620,0,0.0115956694,27,9845,5069
인천광역시 연수구,55422.9,385796,0.258257721,0.737356012,24904,0.0645522504,0.761995897,0.00574150821,0.0398188052,42484,0.622,0.4143,19641,11662,620,0,0,5,267,495
인천광역시 옹진군,3077.3,20613,0.472749666,0.64037258,449,0.0217823703,0.0452632659,0.0495740532,0.0479318485,33138,0.773,0.5423,138,454,620,0,0,3,29,0
인천광역시 중구,33648.5,152931,0.40575651,0.720259463,6659,0.0435425126,0.521720994,0.0244472916,0.0920982063,36991,0.641,0.4724,9507,7750,620,0,0,17,254,198
전라남도 강진군,5465,33177,0.407612592,0.553184435,1031,0.0310757452,0.116861109,0.0282213387,0.017923483,32739,0.688,0.5804,925,568,290,0,0.0202549959,3,127,6
전라남도 고흥군,7721.6,61880,0.425947454,0.506140918,2277,0.0367970265,0.101604278,0.0222539609,0.0329823629,31239,0.733,0.6145,2569,951,260,0,0.121687136,0,2,0
전라남도 곡성군,3053,27060,0.441283621,0.556060606,973,0.0359571323,0.0752654833,0.0295325944,0.00767382373,32673,0.688,0.6459,2980,474,530,0,0.0532150776,0,34,5
전라남도 광양시,28820,152168,0.308240564,0.721800904,3623,0.0238092109,0.654586174,0.0379906168,0.0104294378,38733,0.683,0.6389,19987,3791,530,0,0.0247949635,1,265,67
전라남도 구례군,3573.4,24655,0.401946776,0.560981545,592,0.0240113567,0.100196464,0.0188426505,0.00884086444,32655,0.734,0.6322,621,498,220,0,0.00851754208,0,30,110
전라남도 나주시,18013.4,116456,0.390522426,0.6384729,5168,0.0443772755,0.46894532,0.00662368804,0.00591611305,35888,0.66,0.5875,6884,2615,250,0,0.0378855533,3,1050,400
전라남도 담양군,9209.9,45792,0.331387326,0.596283194,1832,0.0400069881,0.115433606,0.0148604182,0.0140643244,34621,0.662,0.6209,4055,1295,310,0,0.0353773585,1,33,40
전라남도 목포시,50081.6,216939,0.366484347,0.68724388,5944,0.0273994072,0.636172319,0.01521071,0.0149919258,34203,0.592,0.488,3296,5294,400,0,0.00691438607,0,335,198
전라남도 무안군,16079,90608,0.359032002,0.652657602,3245,0.0358136147,0.393784713,0.0122983338,0.00444326898,35502,0.642,0.59,2511,1747,320,0,0.0411111602,2,308,0
전라남도 보성군,5072.3,38471,0.420184806,0.52455096,1107,0.0287749214,0.117246722,0.0213024954,0.00497980413,31692,0.747,0.6162,833,659,260,0,0.142964831,0,23,14
전라남도 순천시,36646,278737,0.318176264,0.699763576,4752,0.0170483287,0.629867863,0.0130129693,0.00956553614,37457,0.647,0.6332,7315,7101,580,0,0.00358761126,20,111,198
전라남도 신안군,8177,37858,0.423108698,0.553278039,1550,0.0409424692,0.000826153665,0.00230142807,0.0029505488,31762,0.786,0.5979,647,501,220,0,0.0265729833,0,0,3
전라남도 여수시,85799.5,274765,0.329804744,0.673892235,8694,0.0316415846,0.553665171,0.0151943034,0.0118418545,37323,0.638,0.5758,23706,9016,500,0,0.0303750478,0,154,116
전라남도 영광군,13058.3,52197,0.373791813,0.588520413,1879,0.0359982374,0.226181462,0.0381720191,0.0111353615,34110,0.674,0.6135,3055,945,277,0,0.0239477365,1,61,24
전라남도 영암군,9324,52395,0.413947196,0.621566943,7531,0.143735089,0.305673991,0.0194735979,0.0108642178,33332,0.719,0.6442,14562,1267,460,0,0.0380952381,16,10,11
전라남도 완도군,8252.3,47597,0.377880401,0.560644578,3847,0.0808244217,0.0982517318,0.024127044,0.0138070779,32194,0.703,0.5979,1388,737,290,0,0.08403891,0,18,0
전라남도 장성군,7325.5,43146,0.336433846,0.591943633,1995,0.0462383535,0.187158239,0.024691358,0.00372061559,33224,0.677,0.6443,6088,618,280,0,0.00811199184,0,65,18
전라남도 장흥군,4195.8,35650,0.40564663,0.554922861,1174,0.0329312763,0.130601093,0.0302975106,0.00637522769,32941,0.735,0.5905,1507,544,460,0,0.0117812062,0,30,10
전라남도 진도군,6886,29507,0.409077556,0.560680516,2502,0.0847934388,0.0923178613,0.0204905993,0.0113836663,32289,0.765,0.6106,488,599,260,0,0.0420239265,0,21,7
전라남도 함평군,4880.4,30784,0.403790299,0.543756497,1390,0.0451533264,0.0730467615,0.0135056637,0.00609933198,32864,0.701,0.5906,1988,483,220,0,0.0324844075,0,32,7
전라남도 해남군,10004.3,65831,0.385012126,0.567012502,2892,0.043930671,0.170611743,0.0124671244,0.00433787615,32280,0.711,0.5654,2978,998,430,0,0.0216919081,0,1,7
전라남도 화순군,8392,62024,0.36254965,0.627789243,1883,0.0303592158,0.430035937,0.00983544543,0.00162663136,33733,0.671,0.624,3203,1298,380,0,0.032890494,0,27,126
전라북도 고창군,4940,52338,0.384628293,0.5522947,2099,0.040104704,0.142599429,0.0459808693,0.0128796778,33373,0.702,0.6072,1699,895,500,0,0,3,80,121
전라북도 군산시,65639.4,262467,0.363433533,0.672335951,10421,0.039704039,0.609394998,0.0264882908,0.00761008682,35191,0.577,0.5511,22267,6072,360,0,0.00285750209,37,61,45
전라북도 김제시,14319.3,81455,0.366982242,0.582026886,3486,0.0427966362,0.286762646,0.0231639684,0.00506974399,32364,0.662,0.5857,10883,1333,280,0,0.00735375361,2,15,16
전라북도 남원시,15536,77948,0.36529601,0.600977575,2158,0.0276851234,0.325943957,0.0119968704,0.007215509,33484,0.674,0.6407,2598,1291,330,0,0.0071842767,1,7,38
전라북도 무주군,3612.3,23489,0.389786444,0.566052195,743,0.0316318277,0.134447539,0.012906221,0.0196843083,32359,0.752,0.6799,517,851,700,1,0.0745029588,0,12,5
전라북도 부안군,10516.5,50094,0.378545116,0.566235477,1742,0.0347746237,0.225289601,0.0122941725,0.0130486885,32285,0.725,0.5767,2422,1268,380,0,0.0257316245,2,24,4
전라북도 순창군,4437.5,26727,0.368008186,0.559845849,877,0.03281326,0.117240791,0.0210607094,0.0093792633,32827,0.718,0.6263,1179,346,420,0,0.0448984173,2,29,5
전라북도 완주군,11533.2,92422,0.362962592,0.639458138,5527,0.0598017788,0.405077871,0.00510791727,0.00878862236,35202,0.656,0.557,21317,2685,540,1,0.00836380948,1,143,20
전라북도 익산시,38122.5,273697,0.367398431,0.676309934,8862,0.0323788715,0.559530232,0.0190065153,0.0244179773,34189,0.607,0.5466,23287,5866,320,0,0.0106212344,7,167,234
전라북도 임실군,1935,26508,0.418987648,0.53738494,843,0.0318017202,0.130055704,0.0126745782,0.00879954791,32550,0.722,0.6389,1664,525,360,0,0.0452693526,2,76,92
전라북도 장수군,8735,21336,0.37964135,0.551509186,844,0.0395575553,0.0785864979,0.023628692,0.0117088608,32718,0.771,0.6356,694,302,360,0,0.0210911136,5,10,9
전라북도 전주시,94251.2,651495,0.358841932,0.709079885,15144,0.023244998,0.62263464,0.0142496067,0.0179154073,73447,0.612,0.4908,12087,17749,460,0,0,1,1106,628
전라북도 정읍시,18908.3,105081,0.372464633,0.610300625,4740,0.0451080595,0.375,0.0102906085,0.00958752344,33385,0.666,0.6282,7994,1976,310,1,0.00495807996,0,72,73
전라북도 진안군,3295,24550,0.379847103,0.552830957,856,0.0348676171,0.0805010592,0.0395136778,0.00175002303,32502,0.745,0.6779,951,324,200,1,0.0203665988,1,41,1
제주특별자치도 서귀포시,42595.2,184770,0.34200773,0.666818206,10276,0.055615089,0.220495579,0.106329751,0.0680891619,36174,0.749,0.6853,2273,13178,700,0,0.00973101694,4,329,103
제주특별자치도 제주시,94308.5,493389,0.330551085,0.704713725,21021,0.0426053276,0.269766839,0.0875984791,0.123108278,35398,0.706,0.6853,8342,24145,700,0,0.00130931172,3,629,209
충청남도 계룡시,8311.7,44475,0.256223943,0.717144463,451,0.0101405284,0.82900536,0.00613460393,0.0185824896,40162,0.554,0.6968,888,825,470,0,0.00809443508,0,16,37
충청남도 공주시,16885.3,102571,0.387279046,0.629758899,3874,0.03776896,0.350903004,0.0174417365,0.0221539905,33347,0.619,0.6013,9361,2722,320,0,0.0615281122,0,323,323
충청남도 금산군,9562.9,50092,0.388356606,0.578755091,3934,0.0785354947,0.191535983,0.0216111708,0.0402577873,32440,0.643,0.6362,10659,774,210,0,0.0299449014,2,110,34
충청남도 논산시,29773,112617,0.376133916,0.616141435,7390,0.0656206434,0.308484357,0.0208502144,0.0202770806,32927,0.624,0.6033,10236,2289,470,0,0,1,390,26
충청남도 당진시,37731.4,168253,0.371687075,0.665230338,10255,0.0609498791,0.447795918,0.0223401361,0.0425714286,38080,0.71,0.6325,35338,4037,510,0,0.0206831379,5,316,105
충청남도 보령시,30058.8,97157,0.357732337,0.621128689,4903,0.0504647118,0.368781807,0.0278070698,0.018545688,34103,0.634,0.609,5027,2640,380,0,0.0102926192,0,368,55
충청남도 부여군,8765.3,62343,0.364939206,0.550069775,2567,0.0411754327,0.150285574,0.0286975717,0.0259644697,32160,0.665,0.5849,1772,966,400,0,0,0,493,21
충청남도 서산시,35358,176413,0.343104396,0.67116369,7817,0.0443107934,0.504176377,0.0204498442,0.0477206672,38260,0.709,0.6077,22192,3671,460,0,0.00566851649,3,906,57
충청남도 서천군,10661.2,49964,0.374675774,0.537446962,2238,0.0447922504,0.165182431,0.0422358637,0.0350164275,32132,0.692,0.5775,5019,842,300,1,0.0356656793,5,98,0
충청남도 아산시,57372.1,334539,0.355705175,0.707002771,34048,0.101775877,0.620982133,0.0105152396,0.024094758,38622,0.661,0.5206,96304,8914,350,0,0.018861777,11,705,161
충청남도 예산군,14720.9,77385,0.359010297,0.587581573,3895,0.0503327518,0.2902746,0.0320652174,0.0438787185,33803,0.707,0.6013,9871,1742,400,0,0.012922401,0,274,115
충청남도 천안시,142375.2,657559,0.37601778,0.741976005,35461,0.0539282407,0.610278492,0.0167609812,0.0350036346,74542,0.661,0.5525,86395,17848,500,0,0,0,3590,930
충청남도 청양군,4376.1,30266,0.373519214,0.555772154,1339,0.0442410626,0.106616585,0.0190696331,0.0277376481,32718,0.764,0.6157,2191,487,400,0,0.0716976145,3,6,36
충청남도 태안군,8606.2,61335,0.386274784,0.583696095,2620,0.0427162305,0.196034627,0.0252722703,0.0560946663,33446,0.72,0.6108,845,1972,350,0,0.2225483,12,224,17
충청남도 홍성군,19560.1,98068,0.350188311,0.625698495,4496,0.0458457397,0.402822337,0.0142046775,0.0372204399,35351,0.695,0.5987,5056,2108,400,0,0.0308051556,4,123,12
충청북도 괴산군,6614,37055,0.413150473,0.566590204,1730,0.0466873566,0.0715036222,0.0118343195,0.0228391307,32055,0.673,0.6057,3986,671,280,0,0.0539738227,1,16,3
충청북도 단양군,11283,27767,0.388339768,0.58796413,509,0.0183311125,0.184555985,0.0531274131,0.0195366795,32754,0.682,0.6747,1997,770,300,0,0.010804192,0,3,15
충청북도 보은군,8425,31455,0.384016393,0.555841679,1193,0.0379271976,0.178346995,0.0155054645,0.0153688525,32679,0.692,0.6765,3674,618,270,0,0.0319504053,0,17,5
충청북도 영동군,10102,44956,0.379627378,0.576363555,1651,0.0367247976,0.174247215,0.0332246923,0.027241329,32934,0.647,0.6419,2323,652,370,0,0.0511611353,0,64,0
충청북도 옥천군,14150.7,49520,0.32229056,0.591902262,1614,0.0325928918,0.26106607,0.0213400429,0.0435653714,32394,0.669,0.6627,5830,1020,270,0,0.0277059774,0,22,10
충청북도 음성군,17662.8,92058,0.409576243,0.669132503,15402,0.167307567,0.420730254,0.0181133514,0.0388483722,33348,0.734,0.605,39973,2644,640,0,0.0170001521,0,1,13
충청북도 제천시,32261.6,130988,0.36660614,0.655861606,3181,0.0242846673,0.501315187,0.0281704482,0.0150185823,34380,0.633,0.623,7918,3045,300,0,0.0126500137,0,162,66
충청북도 증평군,9896.5,37262,0.383925346,0.681954807,1767,0.0474209651,0.572426249,0.0212522577,0.0126429862,34870,0.661,0.6126,4888,753,280,0,0.00536739842,11,12,6
충청북도 진천군,18153.7,86147,0.371123619,0.690354859,10913,0.126678816,0.524346856,0.0308782923,0.0442332201,35542,0.716,0.6446,30681,1882,640,0,0.0185729045,10,39,42
충청북도 청주시,172644.1,849573,0.361703058,0.721088123,25901,0.03048708,0.596283511,0.0112385653,0.014439042,149215,0.659,0.5676,88491,21251,600,0,0,90,985,969
충청북도 충주시,41319.7,208277,0.380952876,0.673799795,8730,0.0419153339,0.485425986,0.0265993967,0.0406116717,34448,0.651,0.6125,23496,6126,470,0,0.0242513576,6,554,42
